City_ID,City,Country,Lat,Lng,Max Temp,Humidity,Cloudiness,Wind Speed,Current Description
0,Busselton,AU,-33.65,115.3333,73.96,41,0,2.98,clear sky
1,Quang Ngai,VN,15.1167,108.8,68.72,94,100,6.24,overcast clouds
2,Saint-Augustin,CA,51.226,-58.6502,-2.96,86,100,7.9,overcast clouds
3,Norman Wells,CA,65.282,-126.8329,-12.96,64,75,21.85,broken clouds
4,Jasper,US,37.2001,-94.3502,29.01,50,0,1.99,clear sky
5,Kapaa,US,22.0752,-159.319,80.47,69,0,1.99,clear sky
6,Ponta Do Sol,PT,32.6667,-17.1,65.71,66,100,2.46,overcast clouds
7,Maroantsetra,MG,-15.4333,49.7333,76.66,81,100,6.82,overcast clouds
8,Nikolskoye,RU,59.7035,30.7861,19.29,90,74,11.61,broken clouds
9,Souillac,MU,-20.5167,57.5167,79.36,94,75,11.5,light rain
10,Jimenez,MX,28.3333,-105.4,45.34,20,0,10.18,clear sky
11,Rikitea,PF,-23.1203,-134.9692,78.55,71,10,7.87,light rain
12,Tuatapere,NZ,-46.1333,167.6833,54.07,58,96,4.18,overcast clouds
13,Kidal,ML,18.4411,1.4078,61.61,15,0,10.94,clear sky
14,Bredasdorp,ZA,-34.5322,20.0403,67.32,60,27,11.5,scattered clouds
15,Merrill,US,45.1805,-89.6835,9.03,74,40,0.0,scattered clouds
16,Kaberamaido,UG,1.7389,33.1594,73.51,45,100,4.32,overcast clouds
17,Kahului,US,20.8947,-156.47,83.46,69,20,11.5,few clouds
18,Bethel,US,41.3712,-73.414,34.16,87,100,8.05,light rain
19,Fortuna,US,40.5982,-124.1573,61.41,81,20,1.99,few clouds
20,Kargasok,RU,59.0556,80.8572,22.5,88,100,12.37,overcast clouds
21,Atuona,PF,-9.8,-139.0333,78.66,76,23,16.62,light rain
22,Tiksi,RU,71.6872,128.8694,-20.6,98,100,7.05,overcast clouds
23,Beringovskiy,RU,63.05,179.3167,-8.88,87,92,11.74,overcast clouds
24,Avarua,CK,-21.2078,-159.775,84.25,74,75,14.97,broken clouds
25,Vigrestad,NO,58.5667,5.7,38.88,67,100,25.46,overcast clouds
26,New Norfolk,AU,-42.7826,147.0587,66.65,62,38,1.01,scattered clouds
27,Port Lincoln,AU,-34.7333,135.8667,68.22,73,89,13.33,overcast clouds
28,Caravelas,BR,-17.7125,-39.2481,77.09,88,100,8.12,overcast clouds
29,Ushuaia,AR,-54.8,-68.3,53.26,58,0,12.66,clear sky
30,Am Timan,TD,11.0297,20.2827,73.63,17,11,6.73,few clouds
31,Puerto Ayora,EC,-0.7393,-90.3518,77.56,89,83,5.99,broken clouds
32,Port Hardy,CA,50.6996,-127.4199,44.78,93,100,5.75,mist
33,Qaanaaq,GL,77.484,-69.3632,-0.72,69,100,7.67,overcast clouds
34,Saldanha,ZA,-33.0117,17.9442,60.85,70,0,15.61,clear sky
35,Clyde River,CA,70.4692,-68.5914,-7.37,77,100,9.22,light snow
36,Nanortalik,GL,60.1432,-45.2371,10.74,73,100,39.01,overcast clouds
37,Alexandria,EG,31.2156,29.9553,56.79,53,98,19.55,overcast clouds
38,Kenai,US,60.5544,-151.2583,30.02,91,100,0.0,overcast clouds
39,Naze,JP,28.3667,129.4833,54.52,60,80,17.27,broken clouds
40,Punta Arenas,CL,-53.15,-70.9167,53.71,58,0,5.75,clear sky
41,Yellowknife,CA,62.456,-114.3525,-24.59,80,40,3.44,scattered clouds
42,Portland,US,45.5234,-122.6762,51.08,87,100,1.99,overcast clouds
43,East London,ZA,-33.0153,27.9116,68.88,83,100,7.85,light rain
44,San Quintin,MX,30.4833,-115.95,61.74,40,1,10.47,clear sky
45,Bengkulu,ID,-3.8004,102.2655,72.9,95,100,4.81,overcast clouds
46,Albany,US,42.6001,-73.9662,22.48,87,100,1.01,snow
47,Kaitangata,NZ,-46.2817,169.8464,56.68,49,84,4.85,broken clouds
48,Luderitz,NA,-26.6481,15.1594,67.14,74,16,7.94,few clouds
49,Mzimba,MW,-11.9,33.6,59.59,98,100,5.86,overcast clouds
50,Yambio,SS,4.5721,28.3955,75.18,28,100,2.17,overcast clouds
51,Oistins,BB,13.0667,-59.5333,77.09,73,40,12.66,scattered clouds
52,Arraial Do Cabo,BR,-22.9661,-42.0278,76.96,94,20,10.36,few clouds
53,Marawi,PH,7.9986,124.2928,64.65,91,100,2.13,overcast clouds
54,Lebu,CL,-37.6167,-73.65,59.85,82,1,18.41,clear sky
55,Mweka,CD,-4.85,21.5667,68.22,92,99,0.94,overcast clouds
56,Bowen,AU,-20.0167,148.2333,82.62,71,100,18.77,overcast clouds
57,Lugovoy,KZ,42.9472,72.7644,27.93,58,0,7.38,clear sky
58,Markova,UA,48.6758,24.4138,25.7,85,100,5.79,overcast clouds
59,Dharampur,IN,20.5333,73.1833,60.44,35,62,3.62,broken clouds
60,Bluff,NZ,-46.6,168.3333,52.99,58,93,6.02,overcast clouds
61,Dingle,PH,10.9995,122.6711,74.34,90,97,10.78,overcast clouds
62,Mataura,NZ,-46.1927,168.8643,54.97,52,90,4.05,overcast clouds
63,Ribeira Grande,PT,38.5167,-28.7,59.27,82,87,14.65,overcast clouds
64,Saint-Ambroise,CA,48.5501,-71.3324,1.94,96,83,1.36,broken clouds
65,Sao Geraldo Do Araguaia,BR,-6.4006,-48.555,75.31,94,78,2.91,broken clouds
66,Chokurdakh,RU,70.6333,147.9167,-31.11,100,44,2.06,scattered clouds
67,Bonham,US,33.5773,-96.1783,36.07,69,0,3.44,clear sky
68,Katherine,AU,-14.4667,132.2667,79.12,89,97,5.75,overcast clouds
69,Cape Town,ZA,-33.9258,18.4232,65.88,58,0,5.99,clear sky
70,Vaini,TO,-21.2,-175.2,77.16,100,100,11.5,light rain
71,Kaduna,NG,10.5222,7.4383,66.25,14,0,9.4,clear sky
72,Isangel,VU,-19.55,169.2667,77.11,94,100,2.3,moderate rain
73,Carnarvon,AU,-24.8667,113.6333,80.67,50,76,8.05,broken clouds
74,Hilo,US,19.7297,-155.09,80.62,70,100,0.0,overcast clouds
75,Bugalagrande,CO,4.2121,-76.1556,67.12,86,89,3.24,overcast clouds
76,Jamestown,US,42.097,-79.2353,20.52,66,100,1.99,overcast clouds
77,Genthin,DE,52.4,12.1667,40.71,96,100,16.93,overcast clouds
78,Barrow,US,71.2906,-156.7887,-21.98,69,100,10.36,haze
79,Grindavik,IS,63.8424,-22.4338,27.07,63,100,17.27,overcast clouds
80,Sao Filipe,CV,14.8961,-24.4956,73.78,71,0,6.76,clear sky
81,Bosaso,SO,11.2842,49.1816,72.63,55,5,3.49,clear sky
82,Hobart,AU,-42.8794,147.3294,67.01,78,100,2.3,overcast clouds
83,Sorland,NO,67.667,12.6934,31.87,71,70,27.09,broken clouds
84,Lavrentiya,RU,65.5833,-171.0,-4.54,73,0,6.67,clear sky
85,Longyearbyen,SJ,78.2186,15.6401,17.44,67,20,20.71,few clouds
86,Castro,BR,-24.7911,-50.0119,66.15,96,96,4.99,overcast clouds
87,Provideniya,RU,64.3833,-173.3,3.63,59,0,12.93,clear sky
88,Lompoc,US,34.6391,-120.4579,69.21,41,0,8.05,clear sky
89,Felanitx,ES,39.4696,3.1483,54.95,89,100,5.55,overcast clouds
90,Mendi,PG,-6.1761,143.6513,62.56,72,100,1.66,overcast clouds
91,Airai,TL,-8.9266,125.4092,64.67,80,86,1.45,overcast clouds
92,Ancud,CL,-41.8697,-73.8203,63.43,74,83,4.38,broken clouds
93,Punjai Puliyampatti,IN,11.35,77.2,70.84,71,43,3.15,scattered clouds
94,Stony Plain,CA,53.5334,-114.0021,19.85,73,100,6.91,overcast clouds
95,Araguaina,BR,-7.1911,-48.2072,77.54,85,46,3.85,moderate rain
96,Sadovyy,RU,53.3,34.3333,21.76,73,98,4.47,overcast clouds
97,Tuktoyaktuk,CA,69.4541,-133.0374,-23.8,76,0,14.97,clear sky
98,Cayenne,GF,4.9333,-52.3333,79.09,88,75,4.0,broken clouds
99,Mancora,PE,-4.1078,-81.0475,77.83,64,17,15.93,few clouds
100,Butaritari,KI,3.0707,172.7902,82.65,75,17,18.28,few clouds
101,Santa Marta,CO,11.2408,-74.199,87.35,62,20,15.01,few clouds
102,Bandarbeyla,SO,9.4942,50.8122,73.24,72,1,8.16,clear sky
103,Port Lavaca,US,28.615,-96.6261,43.12,68,0,18.41,clear sky
104,Uige,AO,-7.6087,15.0613,64.74,94,56,2.26,broken clouds
105,Nanzhang,CN,31.7765,111.8386,35.92,74,8,1.77,clear sky
106,Tomatlan,MX,19.9333,-105.25,85.6,38,5,10.16,clear sky
107,Yar-Sale,RU,66.8333,70.8333,6.04,96,100,5.99,overcast clouds
108,Tabou,CI,4.423,-7.3528,79.86,82,8,7.11,clear sky
109,Hermanus,ZA,-34.4187,19.2345,62.8,68,0,18.99,clear sky
110,Cockburn Town,TC,21.4612,-71.1419,75.16,60,40,11.5,scattered clouds
111,Mkushi,ZM,-13.6202,29.3939,61.75,98,100,3.53,overcast clouds
112,Dikson,RU,73.5069,80.5464,-3.3,95,100,6.73,overcast clouds
113,Broken Hill,AU,-31.95,141.4333,73.11,40,96,19.57,overcast clouds
114,Teguise,ES,29.0605,-13.564,62.82,68,0,9.22,clear sky
115,Batagay-Alyta,RU,67.8006,130.4114,-26.63,98,10,2.84,clear sky
116,Sakaiminato,JP,35.55,133.2333,33.78,80,75,19.57,broken clouds
117,Coquimbo,CL,-29.9533,-71.3436,65.93,72,0,8.05,clear sky
118,Sakakah,SA,29.9697,40.2064,49.57,68,18,13.69,few clouds
119,Alofi,NU,-19.0595,-169.9187,82.29,83,100,9.22,overcast clouds
120,Nome,US,64.5011,-165.4064,6.87,51,0,13.8,clear sky
121,Port Elizabeth,ZA,-33.918,25.5701,66.49,77,40,3.44,scattered clouds
122,Hami,CN,42.8,93.45,22.93,36,85,2.84,overcast clouds
123,Rumonge,BI,-3.9736,29.4386,69.39,90,100,1.7,light rain
124,Qom,IR,34.6401,50.8764,48.22,45,0,7.2,clear sky
125,Georgetown,MY,5.4112,100.3354,78.73,92,40,2.3,scattered clouds
126,Parlakimidi,IN,18.7667,84.0833,65.23,80,7,5.5,clear sky
127,Ban Phai,TH,16.06,102.731,71.13,65,61,11.1,broken clouds
128,Hithadhoo,MV,-0.6,73.0833,81.52,74,82,11.41,broken clouds
129,Kailua,US,21.4022,-157.7394,82.08,59,0,8.05,clear sky
130,Esperance,AU,-33.8667,121.9,67.84,70,2,15.03,clear sky
131,Bambanglipuro,ID,-7.95,110.2833,76.26,87,90,4.18,overcast clouds
132,Rawlins,US,41.7911,-107.2387,32.22,40,0,10.36,clear sky
133,Port Alfred,ZA,-33.5906,26.891,68.54,80,100,7.0,overcast clouds
134,Sunrise Manor,US,36.2111,-115.0731,57.92,19,0,13.8,clear sky
135,Cidreira,BR,-30.1811,-50.2056,72.37,93,100,5.48,overcast clouds
136,Butembo,CD,0.15,29.2833,62.49,68,100,2.68,overcast clouds
137,Samarai,PG,-10.6167,150.6667,83.97,73,87,8.1,overcast clouds
138,Winchester,GB,51.0651,-1.3187,41.49,84,75,4.0,broken clouds
139,Quatre Cocos,MU,-20.2078,57.7625,79.09,87,100,17.38,light rain
140,Kwinana,AU,-32.25,115.7667,85.17,70,0,5.44,clear sky
141,Paamiut,GL,61.994,-49.6678,7.0,91,100,7.76,light snow
142,Rocha,UY,-34.4833,-54.3333,67.93,91,20,6.13,few clouds
143,Bathsheba,BB,13.2167,-59.5167,77.61,73,40,12.66,scattered clouds
144,Hay River,CA,60.8156,-115.7999,-16.62,69,75,6.91,broken clouds
145,Yulara,AU,-25.2406,130.9889,73.24,38,0,13.8,clear sky
146,Sahuaripa,MX,29.05,-109.2333,68.85,20,0,9.66,clear sky
147,Klaksvik,FO,62.2266,-6.589,36.52,53,93,34.92,overcast clouds
148,Balabac,PH,7.9868,117.0645,79.86,82,94,22.28,moderate rain
149,Paraiso,CR,9.8383,-83.8656,72.46,73,80,4.27,broken clouds
150,Ilulissat,GL,69.2167,-51.1,12.22,79,75,19.57,light snow
151,Honningsvag,NO,70.9821,25.9704,20.21,87,100,39.21,light snow
152,Maldonado,UY,-34.6667,-54.9167,69.22,91,31,5.23,scattered clouds
153,Kavaratti,IN,10.5669,72.642,77.92,60,98,5.53,overcast clouds
154,Henties Bay,NA,-22.116,14.2845,65.86,82,94,4.54,overcast clouds
155,Lata,PT,40.1629,-8.3327,49.06,96,99,1.74,overcast clouds
156,Gardone Val Trompia,IT,45.6942,10.187,45.75,86,23,2.82,few clouds
157,Biak,ID,-0.9131,122.8766,77.09,81,97,2.53,overcast clouds
158,Zhuanghe,CN,39.7008,122.9911,12.6,66,0,8.86,clear sky
159,Touros,BR,-5.1989,-35.4608,81.5,71,12,13.96,few clouds
160,Chimbote,PE,-9.0853,-78.5783,72.95,76,16,10.94,few clouds
161,Tasiilaq,GL,65.6145,-37.6368,24.96,78,100,40.67,overcast clouds
162,Mount Gambier,AU,-37.8333,140.7667,66.11,59,40,17.27,scattered clouds
163,Flin Flon,CA,54.7682,-101.865,-13.16,64,75,4.61,broken clouds
164,Tagusao,PH,9.1924,117.8141,77.58,83,50,6.62,scattered clouds
165,Thompson,CA,55.7435,-97.8558,-14.64,70,20,5.75,few clouds
166,Vila Franca Do Campo,PT,37.7167,-25.4333,61.2,77,100,10.27,overcast clouds
167,Sorong,ID,-0.8833,131.25,82.31,77,100,12.68,overcast clouds
168,Jian,CN,27.1172,114.9793,42.06,81,100,3.76,overcast clouds
169,Kuminskiy,RU,58.6667,66.5667,24.06,97,100,3.31,light snow
170,Kodiak,US,57.79,-152.4072,36.91,81,100,0.0,overcast clouds
171,Hasaki,JP,35.7333,140.8333,37.8,40,45,25.01,scattered clouds
172,Lobito,AO,-12.3481,13.5456,74.59,75,82,5.93,broken clouds
173,Erenhot,CN,43.6475,111.9767,0.95,88,6,9.13,clear sky
174,Salalah,OM,17.0151,54.0924,73.49,64,20,2.3,few clouds
175,Lesnoy,RU,57.6198,63.0784,19.99,94,100,5.08,overcast clouds
176,Russellville,US,35.2784,-93.1338,37.13,83,47,8.99,scattered clouds
177,Fukue,JP,32.6881,128.8419,39.56,56,75,14.97,broken clouds
178,Sept-Iles,CA,50.2001,-66.3821,0.05,64,75,3.0,broken clouds
179,Narsaq,GL,60.9167,-46.05,-2.45,61,11,13.51,few clouds
180,Veisiejai,LT,54.1,23.7,33.89,98,100,10.2,overcast clouds
181,Bereznik,RU,62.8551,42.7072,-8.46,100,99,3.44,overcast clouds
182,Bangolo,CI,7.0069,-7.475,73.71,35,8,3.13,clear sky
183,Maceio,BR,-9.6658,-35.7353,78.24,78,20,4.61,few clouds
184,Torbay,CA,47.6666,-52.7314,32.76,96,100,12.66,mist
185,Cabo San Lucas,MX,22.8909,-109.9124,74.61,59,0,8.05,clear sky
186,Ostrovnoy,RU,68.0531,39.5131,8.71,91,100,16.49,overcast clouds
187,Los Llanos De Aridane,ES,28.6585,-17.9182,60.55,78,0,5.99,clear sky
188,Kruisfontein,ZA,-34.0033,24.7314,63.88,73,100,5.64,overcast clouds
189,Djibo,BF,14.1022,-1.6306,68.95,11,8,10.29,clear sky
190,Constitucion,CL,-35.3333,-72.4167,64.24,76,18,16.96,few clouds
191,Dwarka,IN,22.2394,68.9678,68.9,59,1,7.02,clear sky
192,Half Moon Bay,US,37.4636,-122.4286,67.8,44,0,5.75,clear sky
193,Conde,BR,-7.2597,-34.9075,80.06,78,20,9.22,few clouds
194,Ninghai,CN,29.2892,121.4247,36.73,84,1,3.96,clear sky
195,Trinidad,BO,-14.8333,-64.9,85.98,70,75,6.91,broken clouds
196,Manoel Urbano,BR,-8.8389,-69.2597,74.82,97,81,3.11,broken clouds
197,Lelydorp,SR,5.7,-55.2333,78.73,86,40,4.61,scattered clouds
198,Twin Falls,US,42.3505,-114.6445,27.93,80,0,8.05,clear sky
199,Saskylakh,RU,71.9167,114.0833,-6.83,99,100,5.91,overcast clouds
200,Karratha,AU,-20.7377,116.8463,85.17,67,98,7.83,overcast clouds
201,Opuwo,NA,-18.0607,13.84,68.81,51,67,2.53,broken clouds
202,Oranjemund,NA,-28.55,16.4333,63.73,85,4,13.13,clear sky
203,Lovozero,RU,68.005,35.0117,7.16,93,100,12.12,overcast clouds
204,Talnakh,RU,69.4865,88.3972,1.2,95,99,6.4,overcast clouds
205,Iqaluit,CA,63.7506,-68.5145,-16.87,52,75,3.44,broken clouds
206,Casper,US,42.8666,-106.3131,36.19,41,0,27.63,clear sky
207,Berlevag,NO,70.8578,29.0864,22.01,84,100,32.35,light snow
208,Tongliao,CN,43.6125,122.2653,-5.24,85,2,7.9,clear sky
209,Ugoofaaru,MV,5.6667,73.0,81.09,68,8,11.86,clear sky
210,Dawson Creek,CA,55.7666,-120.2362,-0.44,88,92,4.74,overcast clouds
211,Pundaguitan,PH,6.3711,126.1689,80.01,79,100,16.71,overcast clouds
212,Sanary-Sur-Mer,FR,43.1178,5.8001,55.89,68,65,5.99,broken clouds
213,Lincoln,US,40.8,-96.667,30.58,29,0,1.99,clear sky
214,Ruston,US,32.5232,-92.6379,35.29,82,100,7.0,overcast clouds
215,Te Anau,NZ,-45.4167,167.7167,55.54,52,24,3.98,few clouds
216,Mar Del Plata,AR,-38.0023,-57.5575,69.1,85,100,1.01,light rain
217,Port Macquarie,AU,-31.4333,152.9167,73.36,53,75,17.27,broken clouds
218,Price,US,39.5994,-110.8107,36.66,32,0,0.0,clear sky
219,Husavik,IS,66.0449,-17.3389,21.11,93,100,4.34,light snow
220,Pimentel,PE,-6.8367,-79.9342,73.69,68,0,23.02,clear sky
221,North Bend,US,43.4065,-124.2243,53.24,91,100,6.91,overcast clouds
222,Gabrovo,BG,42.8747,25.3342,30.27,77,21,3.2,few clouds
223,Guerrero Negro,MX,27.9769,-114.0611,66.88,19,0,7.61,clear sky
224,Chimoio,MZ,-19.1164,33.4833,71.46,100,75,2.46,broken clouds
225,Upernavik,GL,72.7868,-56.1549,-1.37,98,94,4.79,overcast clouds
226,Kavieng,PG,-2.5744,150.7967,83.19,71,90,6.49,overcast clouds
227,Marystown,CA,47.1666,-55.1483,36.86,100,100,3.0,overcast clouds
228,Carnot,CF,4.9409,15.8665,71.53,22,96,3.58,overcast clouds
229,Red Bluff,US,40.1785,-122.2358,66.69,25,0,3.44,clear sky
230,Brae,GB,60.3964,-1.353,40.91,59,100,29.53,overcast clouds
231,Storsteinnes,NO,69.2408,19.2344,21.2,87,84,8.05,broken clouds
232,Peleduy,RU,59.6289,112.7406,5.32,98,100,4.0,overcast clouds
233,Pangnirtung,CA,66.1451,-65.7125,-18.4,69,40,6.91,scattered clouds
234,Riyadh,SA,24.6877,46.7219,64.54,61,54,11.63,broken clouds
235,Cumpas,MX,29.9833,-109.7833,59.68,17,0,13.73,clear sky
236,Alta Floresta,BR,-9.8756,-56.0861,75.02,94,75,3.44,thunderstorm
237,Katsuura,JP,35.1333,140.3,44.62,52,48,16.2,scattered clouds
238,Shache,CN,38.4167,77.2406,22.91,48,43,3.71,scattered clouds
239,Dharchula,IN,29.85,80.5333,32.11,76,9,9.24,clear sky
240,Saint-Joseph,RE,-21.3667,55.6167,79.16,84,100,22.32,light rain
241,San Patricio,US,28.017,-97.5169,47.08,51,57,17.22,broken clouds
242,Dryden,CA,49.7833,-92.7503,1.69,60,0,5.75,clear sky
243,Hovd,MN,48.0056,91.6419,-11.24,78,8,3.69,clear sky
244,Shingu,JP,33.7333,135.9833,39.9,61,29,16.4,scattered clouds
245,Road Town,VG,18.4167,-64.6167,73.99,88,20,10.36,few clouds
246,Kamenka,RU,51.3223,42.7678,11.25,98,95,6.96,overcast clouds
247,Mahebourg,MU,-20.4081,57.7,79.25,94,75,11.5,broken clouds
248,Qaqortoq,GL,60.7167,-46.0333,2.68,62,15,19.6,few clouds
249,Kohlu,PK,29.8962,69.252,45.77,31,2,2.48,clear sky
250,Port Blair,IN,11.6667,92.75,75.24,94,40,2.3,mist
251,Pevek,RU,69.7008,170.3133,-23.4,100,88,6.06,overcast clouds
252,Juarez,MX,31.7333,-106.4833,40.86,40,0,1.01,clear sky
253,Uinskoye,RU,56.8817,56.5813,27.99,93,100,2.68,snow
254,Ranibennur,IN,14.6167,75.6167,62.04,80,57,2.37,broken clouds
255,Chifeng,CN,42.2683,118.9636,4.89,59,0,8.68,clear sky
256,Tura,IN,25.5198,90.2201,51.17,96,70,3.69,broken clouds
257,Leningradskiy,RU,69.3833,178.4167,-13.14,90,56,9.19,broken clouds
258,Saint George,US,37.1041,-113.5841,50.59,23,0,0.0,clear sky
259,Pringsewu,ID,-5.3582,104.9744,73.0,99,99,2.75,light rain
260,Codrington,AU,-38.2667,141.9667,66.02,61,90,14.38,overcast clouds
261,Nador,MA,35.174,-2.9287,62.85,42,0,8.05,clear sky
262,Rovaniemi,FI,66.5,25.7167,20.61,86,100,12.66,light snow
263,Lokosovo,RU,61.1333,74.8167,19.56,96,100,6.78,overcast clouds
264,Faanui,PF,-16.4833,-151.75,80.92,74,27,14.16,light rain
265,Dalumangcob,PH,7.2167,124.3,74.57,88,100,6.13,overcast clouds
266,Kislyakovskaya,RU,46.4417,39.675,32.63,95,98,10.18,snow
267,Faya,SA,18.3851,42.4509,55.92,88,31,6.13,scattered clouds
268,Mount Isa,AU,-20.7333,139.5,80.37,29,31,10.36,scattered clouds
269,Taminango,CO,1.5749,-77.2867,67.21,82,75,5.75,light rain
270,Santa Cruz,BO,-17.8,-63.1667,80.65,78,40,9.22,scattered clouds
271,Sur,OM,22.5667,59.5289,69.51,61,2,6.87,clear sky
272,Saryozek,KZ,44.3583,77.9753,18.25,76,3,4.34,clear sky
273,Maarianhamina,AX,60.0973,19.9348,33.66,100,100,3.44,light rain
274,Ipil,PH,7.75,122.5167,74.52,90,91,4.07,overcast clouds
275,Roald,NO,62.5833,6.1333,39.34,70,75,31.07,broken clouds
276,Mana,GF,5.6592,-53.7767,75.96,89,100,7.4,overcast clouds
277,Makokou,GA,0.5738,12.8642,70.99,86,88,1.97,overcast clouds
278,Chapais,CA,49.7834,-74.8492,-7.82,94,97,4.16,overcast clouds
279,Accra,GH,5.556,-0.1969,82.81,78,11,6.91,few clouds
280,Manfredonia,IT,41.6259,15.9094,50.83,81,20,6.91,few clouds
281,Santiago Del Estero,AR,-27.7951,-64.2615,76.26,75,96,8.23,overcast clouds
282,Tomaszow Lubelski,PL,50.4477,23.4162,34.81,88,100,12.41,overcast clouds
283,Wenling,CN,28.3669,121.36,36.91,75,1,8.79,clear sky
284,Jining,CN,35.405,116.5814,30.0,1,0,2.77,clear sky
285,Hamilton,US,39.1834,-84.5333,24.37,85,100,1.01,overcast clouds
286,Rudbar,AF,30.15,62.6,53.65,23,0,7.63,clear sky
287,Lincoln Village,US,39.9548,-83.1307,21.51,86,100,3.0,overcast clouds
288,Nokaneng,BW,-19.6667,22.2667,71.08,78,98,5.39,overcast clouds
289,Akdepe,TM,42.0551,59.3788,41.0,54,70,10.69,broken clouds
290,Padang,ID,-0.9492,100.3543,73.45,90,100,3.94,moderate rain
291,Deputatskiy,RU,69.3,139.9,-30.24,100,70,2.44,broken clouds
292,Luau,AO,-10.7073,22.2247,60.8,99,68,2.86,broken clouds
293,Tigre,AR,-34.426,-58.5796,77.22,86,0,3.44,clear sky
294,Ayr,GB,55.4627,-4.6339,40.98,75,75,14.97,broken clouds
295,Kijang,KR,35.2442,129.2139,24.53,54,6,13.49,clear sky
296,Abha,SA,18.2164,42.5053,55.65,82,0,17.27,clear sky
297,Sola,VU,-13.8833,167.55,81.88,78,100,23.64,overcast clouds
298,Yanam,IN,16.7333,82.2167,66.92,98,30,2.68,scattered clouds
299,Verkhnevilyuysk,RU,63.4453,120.3167,-22.13,99,68,1.28,broken clouds
300,Aden,YE,12.7794,45.0367,76.53,53,40,1.12,scattered clouds
301,Kumluca,TR,36.3703,30.2869,44.67,48,57,8.28,broken clouds
302,Tilichiki,RU,60.4667,166.1,-4.74,77,97,9.04,overcast clouds
303,Kalas,IN,18.1667,74.8,62.83,39,65,5.17,broken clouds
304,Normandin,CA,48.8333,-72.5321,-1.89,59,94,5.75,overcast clouds
305,Sciacca,IT,37.5082,13.0881,56.1,86,2,5.93,clear sky
306,General Roca,AR,-39.0333,-67.5833,73.8,52,79,24.23,broken clouds
307,Kajaani,FI,64.2273,27.7285,21.25,79,100,21.85,light snow
308,Saint-Philippe,RE,-21.3585,55.7679,80.15,87,100,24.76,light rain
309,Harper,LR,4.375,-7.7169,79.92,81,31,7.85,scattered clouds
310,Calapi,PH,11.9435,125.0206,71.8,98,100,6.06,overcast clouds
311,Belyy Yar,RU,53.6039,91.3903,-16.71,76,95,2.24,mist
312,Cabedelo,BR,-6.9811,-34.8339,81.27,70,19,12.21,few clouds
313,Port Hedland,AU,-20.3167,118.5667,86.05,74,75,5.75,broken clouds
314,Odweyne,SO,9.4092,45.064,63.19,50,2,0.87,clear sky
315,Garissa,KE,-0.4536,39.6401,78.28,68,95,7.78,overcast clouds
316,Veraval,IN,20.9,70.3667,63.54,62,9,2.44,clear sky
317,Ushtobe,KZ,45.2514,77.9838,12.9,89,13,10.02,few clouds
318,Richards Bay,ZA,-28.783,32.0377,71.64,95,100,15.61,heavy intensity rain
319,Humboldt,US,40.6665,-123.9178,49.68,62,96,4.63,overcast clouds
320,Ochamchira,GE,42.7121,41.4721,39.34,77,100,9.51,light rain
321,Sidi Ali,DZ,36.0998,0.4206,53.55,65,99,2.82,overcast clouds
322,Bud,US,39.447,-86.1758,21.25,82,68,3.96,broken clouds
323,Kawambwa,ZM,-9.7915,29.0791,59.32,96,100,2.75,overcast clouds
324,Bangui,CF,4.3612,18.555,77.18,50,100,0.0,overcast clouds
325,Waddan,LY,29.1614,16.139,50.9,44,0,5.86,clear sky
326,Haines Junction,CA,60.7522,-137.5108,3.15,66,100,4.61,overcast clouds
327,Taoudenni,ML,22.6783,-3.9836,66.47,13,73,9.78,broken clouds
328,Shelburne,CA,44.0787,-80.2041,9.55,82,100,5.5,overcast clouds
329,Severo-Kurilsk,RU,50.6789,156.125,30.33,91,100,7.43,light snow
330,Nouakchott,MR,18.0858,-15.9785,69.73,37,0,9.86,clear sky
331,Olafsvik,IS,64.8945,-23.7142,27.64,69,100,24.9,overcast clouds
332,Urumqi,CN,43.801,87.6005,-1.25,85,75,2.24,fog
333,Aykino,RU,62.2248,49.9922,-9.17,100,93,2.91,overcast clouds
334,Kashin,RU,57.3592,37.6081,-2.09,100,98,3.47,overcast clouds
335,La Ronge,CA,55.1001,-105.2842,-10.95,70,100,5.75,overcast clouds
336,Shaping,CN,22.7545,112.9565,48.94,64,17,8.63,few clouds
337,Delta,NG,5.5,6.0,78.06,80,10,2.64,clear sky
338,Emirdag,TR,39.0197,31.15,16.66,85,16,4.99,few clouds
339,Halifax,CA,44.6453,-63.5724,33.22,98,100,4.0,snow
340,Fort Nelson,CA,58.8053,-122.7002,-11.61,77,100,2.3,light snow
341,Belluru,IN,12.9911,76.7444,62.06,49,22,4.27,few clouds
342,Bolivar,US,37.6145,-93.4105,27.36,61,3,7.7,clear sky
343,Bongaree,AU,-27.0797,153.1586,79.21,62,100,24.87,overcast clouds
344,Finschhafen,PG,-6.6024,147.8681,86.02,72,73,12.39,broken clouds
345,Bryukhovetskaya,RU,45.806,38.9996,30.88,93,87,10.16,light snow
346,Chara,RU,56.9064,118.2631,-16.15,86,97,1.63,overcast clouds
347,Malanje,AO,-9.5402,16.341,62.37,96,100,2.26,overcast clouds
348,Zhigansk,RU,66.7697,123.3711,-29.94,99,99,5.06,overcast clouds
349,Kerouane,GN,9.2667,-9.0167,72.18,16,36,3.2,scattered clouds
350,Nikel,RU,69.4128,30.222,12.38,92,100,21.43,light snow
351,Mildura,AU,-34.2,142.15,79.07,40,91,10.36,overcast clouds
352,Kampong Cham,KH,11.9934,105.4635,74.75,66,95,11.65,overcast clouds
353,Sao Joao Da Barra,BR,-21.6403,-41.0511,76.57,85,54,22.53,broken clouds
354,Camocim,BR,-2.9022,-40.8411,78.04,86,85,11.63,overcast clouds
355,Bure,ET,10.7,37.0667,60.22,45,90,1.9,overcast clouds
356,Anloga,GH,5.7947,0.8973,82.62,81,10,6.33,clear sky
357,Jaisalmer,IN,26.9147,70.9181,59.43,27,0,4.56,clear sky
358,Vardo,NO,70.3705,31.1107,19.6,93,100,32.12,light snow
359,Clonakilty,IE,51.6231,-8.8706,40.08,74,11,9.24,few clouds
360,Klyuchi,RU,52.2667,79.1667,1.6,85,27,8.03,scattered clouds
361,Khatanga,RU,71.9667,102.5,-37.25,100,69,2.91,broken clouds
362,Teya,RU,60.3778,92.6267,17.13,90,100,8.77,overcast clouds
363,Vikhorevka,RU,56.1201,101.1636,11.79,98,96,3.42,overcast clouds
364,Lagoa,PT,39.05,-27.9833,58.01,82,74,20.74,broken clouds
365,Kudat,MY,6.8837,116.8477,77.29,94,20,4.61,few clouds
366,Porto Novo,BJ,6.4965,2.6036,82.22,82,2,5.75,clear sky
367,San Policarpo,PH,12.1791,125.5072,78.55,82,100,13.98,overcast clouds
368,Karasjok,NO,69.4719,25.5112,12.31,92,100,21.92,overcast clouds
369,Ilan,TW,24.757,121.753,55.9,91,100,4.5,overcast clouds
370,Stranraer,GB,54.9023,-5.0273,37.47,75,68,22.7,broken clouds
371,Buala,SB,-8.145,159.5921,82.8,82,100,7.87,light rain
372,Sitka,US,57.0531,-135.33,42.69,87,100,17.27,light rain
373,Paka,MY,4.6374,103.4368,80.53,83,40,9.22,scattered clouds
374,Cherepovets,RU,59.1333,37.9,-6.41,100,94,2.24,overcast clouds
375,Derzhavinsk,KZ,51.1,66.3167,15.17,74,100,10.47,overcast clouds
376,Kirakira,SB,-10.4544,161.9205,83.73,78,100,6.62,overcast clouds
377,Stillwater,US,36.1156,-97.0584,34.07,47,0,9.22,clear sky
378,Birjand,IR,32.8663,59.2211,50.47,29,40,9.22,scattered clouds
379,Aswan,EG,24.0934,32.907,51.1,53,0,6.91,clear sky
380,Morant Bay,JM,17.8815,-76.4093,82.02,81,20,11.36,few clouds
381,Abu Samrah,SY,35.3029,37.1841,43.93,92,76,6.73,broken clouds
382,Nioro,GM,13.35,-15.75,76.91,14,0,4.68,clear sky
383,Kathmandu,NP,27.7167,85.3167,41.22,100,75,0.0,broken clouds
384,Gushikawa,JP,26.3544,127.8686,60.03,64,100,14.97,overcast clouds
385,Kismayo,SO,-0.3582,42.5454,77.02,82,88,14.03,overcast clouds
386,Belmonte,BR,-15.8631,-38.8828,79.3,80,100,11.36,overcast clouds
387,Awjilah,LY,29.1081,21.2869,51.12,69,0,7.65,clear sky
388,Ambon,ID,-3.6954,128.1814,80.74,78,20,5.75,few clouds
389,Saint-Louis,SN,16.3333,-15.0,76.32,8,0,9.46,clear sky
390,Batticaloa,LK,7.7102,81.6924,74.12,76,37,2.08,scattered clouds
391,Manaure,CO,11.7751,-72.4445,80.71,74,19,22.24,few clouds
392,Ayolas,PY,-27.4,-56.9,80.51,69,61,13.71,light rain
393,Taltal,CL,-25.4,-70.4833,68.88,71,15,4.68,few clouds
394,Fenoarivo,MG,-18.933,47.4354,66.27,100,75,9.22,broken clouds
395,Mirnyy,RU,62.5353,113.9611,-14.71,100,98,3.15,overcast clouds
396,Le Port,RE,-20.9373,55.2919,80.56,85,100,21.43,light rain
397,Malindi,KE,-3.2175,40.1191,76.28,90,92,7.56,overcast clouds
398,Ilembo,TZ,-9.25,33.3833,54.34,97,100,3.78,overcast clouds
399,Neiafu,TO,-18.65,-173.9833,75.88,94,75,6.91,light rain
400,Gizo,SB,-8.103,156.8419,84.49,76,93,13.24,moderate rain
401,Vadso,NO,70.0744,29.7487,19.56,86,75,24.16,broken clouds
402,Cherskiy,RU,68.75,161.3,-32.91,98,13,4.61,few clouds
403,Port Keats,AU,-14.25,129.55,80.58,83,100,3.09,overcast clouds
404,Foam Lake,CA,51.65,-103.5343,-5.78,98,100,13.2,light snow
405,Kununurra,AU,-15.7667,128.7333,80.58,89,75,3.44,broken clouds
406,Bakchar,RU,57.0186,82.0711,16.43,83,100,10.4,overcast clouds
407,Burnie,AU,-41.0667,145.9167,66.94,66,68,4.54,broken clouds
408,Gari,RU,59.4307,62.3497,17.69,94,100,6.22,overcast clouds
409,Chernyshevskiy,RU,63.0128,112.4714,-20.69,100,96,2.1,overcast clouds
410,Hofn,IS,64.2539,-15.2082,25.61,63,39,16.46,scattered clouds
411,Ust-Barguzin,RU,53.45,108.9833,0.19,98,100,2.53,overcast clouds
412,Revda,RU,56.801,59.9303,20.21,98,100,2.66,overcast clouds
413,Preston,GB,53.7667,-2.7167,42.85,79,37,1.01,scattered clouds
414,Chuy,UY,-33.6971,-53.4616,69.76,92,10,6.38,clear sky
415,Muroto,JP,33.2833,134.15,37.44,55,50,21.63,scattered clouds
416,Dabakala,CI,8.3667,-4.4333,77.04,13,5,2.75,clear sky
417,Tra Vinh,VN,9.9347,106.3453,75.81,80,50,6.98,scattered clouds
418,Tanete,ID,-3.9443,119.7848,80.24,82,100,2.1,overcast clouds
419,Todos Santos,MX,23.45,-110.2167,74.1,57,0,7.2,clear sky
420,Tupik,RU,54.4253,119.9327,-6.59,92,100,2.91,overcast clouds
421,Vanino,RU,49.0869,140.2543,8.69,69,100,7.05,overcast clouds
422,Hamada,JP,34.8833,132.0833,35.01,59,100,24.14,overcast clouds
423,Rio Grande,BR,-32.035,-52.0986,75.94,90,24,9.91,few clouds
424,Santa Lucia,ES,27.9117,-15.5407,58.77,36,0,3.44,clear sky
425,Iralaya,HN,15.0,-83.2333,80.69,83,6,7.78,clear sky
426,Talcahuano,CL,-36.7167,-73.1167,69.48,60,0,18.41,clear sky
427,Meulaboh,ID,4.1363,96.1285,74.84,87,98,4.81,overcast clouds
428,Smithers,CA,54.7804,-127.1743,37.72,93,100,5.75,light rain
429,Ventersburg,ZA,-28.0856,27.1381,62.49,82,91,18.97,overcast clouds
430,Navahrudak,BY,53.6,25.8333,27.41,97,100,12.68,light snow
431,Srednekolymsk,RU,67.45,153.6833,-34.94,100,100,2.48,overcast clouds
432,Boralday,KZ,43.3578,76.8594,21.06,100,100,2.24,mist
433,Falam,MM,22.9167,93.6833,46.94,59,60,3.67,broken clouds
434,Naro-Fominsk,RU,55.3875,36.7331,10.76,100,100,2.26,overcast clouds
435,Guarapari,BR,-20.6667,-40.4975,78.69,88,35,12.53,scattered clouds
436,Kholmogory,RU,64.2229,41.656,-11.09,100,98,4.25,overcast clouds
437,Bambous Virieux,MU,-20.3428,57.7575,79.21,94,75,11.5,light rain
438,Coromandel,BR,-18.4733,-47.2003,67.82,92,93,2.95,overcast clouds
439,Alenquer,BR,-1.9417,-54.7383,75.54,95,100,2.01,overcast clouds
440,Namatanai,PG,-3.6667,152.4333,84.76,68,81,9.48,broken clouds
441,Xining,CN,36.6167,101.7667,14.92,63,100,3.24,overcast clouds
442,Baruun-Urt,MN,46.6806,113.2792,-3.08,91,78,8.28,broken clouds
443,Ca Mau,VN,9.1769,105.15,78.15,69,50,13.11,scattered clouds
444,Mercedes,AR,-34.6515,-59.4307,74.01,91,100,8.99,overcast clouds
445,Gat,IL,31.61,34.7642,56.08,100,68,9.73,broken clouds
446,Xam Nua,LA,20.4197,104.0439,49.37,88,97,2.73,overcast clouds
447,Erdenet,MN,49.0333,104.0833,-7.62,92,7,4.7,clear sky
448,Nurota,UZ,40.5614,65.6886,37.49,21,38,6.89,scattered clouds
449,Mao,ES,39.8885,4.2658,48.76,93,0,2.3,clear sky
450,Araouane,ML,18.9048,-3.5265,63.63,11,0,9.57,clear sky
451,Kilindoni,TZ,-7.9139,39.6668,75.87,90,86,20.8,moderate rain
452,Mayo,US,38.8876,-76.5119,39.34,91,100,8.01,light rain
453,Ust-Kuyga,RU,70.0167,135.6,-38.29,100,99,5.21,overcast clouds
454,Dunedin,NZ,-45.8742,170.5036,57.79,54,100,10.0,overcast clouds
455,Nelson Bay,AU,-32.7167,152.15,75.29,63,83,18.7,light rain
456,Ferrol,ES,43.4832,-8.2369,51.35,90,99,12.46,overcast clouds
457,Harer,ET,9.3094,42.1258,57.25,12,2,7.63,clear sky
458,Biloli,IN,18.7667,77.7333,59.99,26,66,3.56,broken clouds
459,Saint Anthony,US,45.0205,-93.218,8.55,63,0,4.0,clear sky
460,Ponta Delgada,PT,37.7333,-25.6667,61.5,72,20,9.22,few clouds
461,Weinan,CN,34.5036,109.5089,33.49,44,86,3.71,overcast clouds
462,Ibipeba,BR,-11.6408,-42.0111,70.3,73,90,5.12,overcast clouds
463,Caucaia,BR,-3.7361,-38.6531,82.04,77,20,4.61,light rain
464,Port Augusta,AU,-32.5,137.7667,81.72,22,61,10.07,broken clouds
465,Victor Harbor,AU,-35.5667,138.6167,80.8,65,86,11.34,overcast clouds
466,Qasigiannguit,GL,68.8193,-51.1922,12.45,90,100,6.02,overcast clouds
467,Mayumba,GA,-3.432,10.6554,76.19,82,75,1.86,broken clouds
468,Florence,IT,43.7667,11.25,51.64,96,75,1.14,broken clouds
469,Anito,PH,12.4497,125.2886,76.95,88,100,11.27,overcast clouds
470,Natal,BR,-5.795,-35.2094,81.25,78,20,11.5,few clouds
471,Moindou,NC,-21.6924,165.677,91.35,73,93,5.77,overcast clouds
472,Sampit,ID,-2.5333,112.95,75.51,95,100,1.48,overcast clouds
473,Canton,CN,23.1167,113.25,48.99,60,10,9.31,clear sky
474,Vestmannaeyjar,IS,63.4427,-20.2734,33.01,65,100,31.72,overcast clouds
475,Bara,NG,10.3744,10.7288,67.14,20,0,10.02,clear sky
476,Qiongshan,CN,20.0058,110.3542,60.78,82,75,8.95,broken clouds
477,Riohacha,CO,11.5444,-72.9072,80.71,78,20,11.5,few clouds
478,Ossora,RU,59.2353,163.0719,9.55,74,100,5.86,overcast clouds
479,College,US,64.8569,-147.8028,6.8,61,75,5.75,broken clouds
480,Fairbanks,US,64.8378,-147.7164,7.09,62,100,5.75,overcast clouds
481,Namibe,AO,-15.1961,12.1522,71.55,72,80,6.71,broken clouds
482,Victoria,HK,22.2855,114.1577,58.24,79,99,4.0,overcast clouds
483,Corinto,GR,37.9407,22.9573,46.69,76,1,4.03,clear sky
484,Tokur,RU,53.1333,132.9,-15.38,98,81,2.82,broken clouds
485,Kaduqli,SD,11.0167,29.7167,68.59,15,81,15.97,broken clouds
486,Ust-Tsilma,RU,65.441,52.1498,-15.07,100,98,2.33,overcast clouds
487,Marhaura,IN,25.9667,84.8667,51.73,90,72,3.69,broken clouds
488,Joshimath,IN,30.5667,79.5667,26.19,58,2,10.11,clear sky
489,Bilma,NE,18.6853,12.9164,57.04,23,2,5.86,clear sky
490,Kirillov,RU,59.863,38.3813,-7.65,100,96,2.84,overcast clouds
491,San Cristobal,VE,7.7669,-72.225,75.38,88,66,1.79,broken clouds
492,Burgersdorp,ZA,-30.9977,26.3286,59.14,79,50,9.13,scattered clouds
493,Usinsk,RU,65.9939,57.5281,-1.95,99,97,6.04,overcast clouds
494,The Valley,AI,18.217,-63.0578,73.26,88,40,8.05,scattered clouds
495,Linares,CL,-35.85,-71.6,73.56,43,7,11.03,clear sky
496,Plettenberg Bay,ZA,-34.0527,23.3716,63.41,78,84,7.52,broken clouds
497,Valdivia,CL,-39.8142,-73.2459,69.89,79,54,0.18,broken clouds
498,Colac,AU,-38.3333,143.5833,68.63,58,54,9.4,broken clouds
499,Brive-La-Gaillarde,FR,45.25,1.5,45.84,77,100,1.3,overcast clouds
500,Kupang,ID,-10.1667,123.5833,81.16,81,92,7.23,overcast clouds
501,Kantang,TH,7.4054,99.5156,78.89,78,20,2.3,few clouds
502,Anderson,US,34.5334,-82.6499,54.64,89,0,3.0,clear sky
503,Rio Gallegos,AR,-51.6226,-69.2181,62.65,29,0,3.44,clear sky
504,Yerbogachen,RU,61.2767,108.0108,-21.41,100,98,3.2,overcast clouds
505,Kotido,UG,2.9806,34.1331,74.05,37,100,4.94,overcast clouds
506,Huarmey,PE,-10.0681,-78.1522,71.69,82,12,10.67,few clouds
507,Kem,RU,64.9555,34.5793,11.35,88,100,14.9,overcast clouds
508,Green River,US,41.5286,-109.4662,36.0,56,12,12.59,few clouds
509,Cananea,MX,30.95,-110.3,43.93,21,0,20.11,clear sky
510,Boguchany,RU,58.3814,97.4531,17.6,94,100,8.75,light snow
511,Teahupoo,PF,-17.8333,-149.2667,76.96,77,26,15.48,light rain
512,Ferry Pass,US,30.5102,-87.2125,44.64,92,90,13.8,overcast clouds
513,Bairiki,KI,1.3292,172.9752,86.0,70,20,17.27,few clouds
514,Broome,US,42.2506,-75.833,18.63,76,90,1.99,light snow
515,Aleksandrov Gay,RU,50.147,48.5704,32.45,99,100,6.71,overcast clouds
516,Jiazi,CN,22.8779,116.067,53.69,76,99,11.23,overcast clouds
517,Turukhansk,RU,65.8167,87.9833,11.53,94,100,13.24,light snow
518,Grand Gaube,MU,-20.0064,57.6608,79.38,82,100,8.01,overcast clouds
519,Raton,US,36.9034,-104.4391,39.33,41,0,8.05,clear sky
520,Anori,BR,-3.7728,-61.6442,72.41,99,97,2.42,overcast clouds
521,Prince Rupert,CA,54.3161,-130.3201,41.09,93,100,9.22,light rain
522,Hambantota,LK,6.1241,81.1185,72.84,87,24,7.05,few clouds
523,Palmer,US,42.1584,-72.3287,31.3,97,100,5.75,mist
524,Winnemucca,US,40.973,-117.7357,48.25,29,0,4.61,clear sky
525,Mahajanga,MG,-15.7167,46.3167,80.62,78,40,5.75,scattered clouds
526,Ibotirama,BR,-12.1853,-43.2206,79.7,57,96,3.18,overcast clouds
527,Farim,GW,12.4839,-15.2217,71.33,34,1,5.21,clear sky
528,Margate,GB,51.3813,1.3862,41.95,77,29,3.0,scattered clouds
529,Yate,GB,51.5407,-2.4184,40.98,88,37,1.01,scattered clouds
530,Pipri,IN,19.8,75.5333,58.84,31,66,4.38,broken clouds
531,Nouadhibou,MR,20.931,-17.0347,69.78,49,0,10.36,clear sky
532,Pueblo Nuevo,MX,23.3833,-105.3833,59.92,34,0,5.14,clear sky
533,Sao Gabriel Da Cachoeira,BR,-0.1303,-67.0892,74.53,97,98,0.51,overcast clouds
534,Pacific Grove,US,36.6177,-121.9166,69.48,54,1,5.99,clear sky
535,Kemijarvi,FI,66.7131,27.4306,19.74,93,100,14.23,light snow
536,Rajauri,IN,33.3833,74.3,39.15,61,2,5.91,clear sky
537,Vao,NC,-22.6667,167.4833,80.47,87,100,16.82,moderate rain
538,Tocopilla,CL,-22.092,-70.1979,71.26,70,14,12.5,few clouds
539,Gewane,ET,10.1664,40.6453,72.18,24,1,2.93,clear sky
540,Hovsan,AZ,40.3744,50.0853,42.93,87,75,16.11,broken clouds
541,Beatrice,US,40.2681,-96.747,32.45,31,0,9.22,clear sky
542,Arman,RU,59.7,150.1667,-0.96,72,83,12.93,broken clouds
543,Sanda,JP,34.8833,135.2333,37.54,64,7,16.71,clear sky
544,Ciro Marina,IT,39.3732,17.126,55.42,63,71,5.93,broken clouds
545,Dalbandin,PK,28.8947,64.4101,50.22,21,0,4.38,clear sky
546,Port Hawkesbury,CA,45.6169,-61.3485,34.18,99,100,14.97,fog
547,Itaberai,BR,-16.0203,-49.8103,70.99,87,99,1.57,overcast clouds
548,Aklavik,CA,68.2191,-135.0107,-19.37,75,0,9.22,clear sky
549,Celestun,MX,20.8667,-90.4,75.09,86,3,13.31,clear sky
550,Asau,RO,46.4333,26.4,23.92,76,42,5.95,scattered clouds
551,Narrabri,AU,-30.3167,149.7833,71.69,40,1,17.27,clear sky
552,Cabatuan,PH,10.8794,122.486,75.22,86,96,14.32,overcast clouds
553,Armizonskoye,RU,55.9461,67.6736,20.46,82,100,10.04,overcast clouds
554,Kings Point,US,26.4454,-80.1398,76.01,82,0,1.01,clear sky
555,Tuy Hoa,VN,13.0833,109.3,73.15,90,68,12.39,broken clouds
556,Tandil,AR,-37.3217,-59.1332,62.11,92,100,16.69,moderate rain
557,Boa Vista,BR,2.8197,-60.6733,87.78,48,75,8.05,broken clouds
558,Rorvik,NO,64.8621,11.2373,35.56,88,100,34.49,light rain
559,Korla,CN,41.7597,86.1469,25.34,45,100,5.12,overcast clouds
560,Yaan,NG,7.3833,8.5667,80.19,13,0,10.02,clear sky
561,Kaputa,ZM,-8.4689,29.6619,65.88,91,100,2.53,overcast clouds
562,Hun,LY,29.1268,15.9477,51.42,41,0,5.61,clear sky
563,Juneau,US,58.3019,-134.4197,36.84,96,100,5.01,mist
564,Imbituba,BR,-28.24,-48.6703,78.82,95,100,8.7,overcast clouds
565,Pitkyaranta,RU,61.5734,31.4792,13.17,93,100,16.78,overcast clouds
566,Bereda,ES,43.2686,-7.5406,49.41,100,100,5.23,overcast clouds
567,Wenatchee,US,47.4235,-120.3103,46.56,70,0,0.0,clear sky
568,Coronado,US,32.6859,-117.1831,71.33,29,20,11.5,few clouds
569,Monrovia,LR,6.3005,-10.7969,78.57,82,34,5.53,scattered clouds
570,Fayaoue,NC,-20.65,166.5333,82.78,80,100,11.74,overcast clouds
571,Marsa Matruh,EG,31.3525,27.2453,55.6,62,40,12.66,scattered clouds
572,East Wenatchee Bench,US,47.4257,-120.2812,45.48,70,1,0.0,clear sky
573,Smirnykh,RU,49.75,142.8333,9.88,79,100,9.48,overcast clouds
574,Springbok,ZA,-29.6643,17.8865,74.08,30,42,2.91,scattered clouds
575,Agirish,RU,61.9247,63.0231,1.08,96,100,2.26,overcast clouds
576,Elizabeth City,US,36.2946,-76.2511,73.42,80,40,12.66,scattered clouds
577,Changji,CN,44.0167,87.3167,2.19,85,75,2.24,fog
578,Usevya,TZ,-7.1,31.2333,64.83,98,100,0.2,light rain
579,Shimoda,JP,34.6667,138.95,43.16,62,22,28.79,few clouds
580,Huntsville,US,34.7304,-86.5861,32.56,89,90,5.01,overcast clouds
581,Puerto Madryn,AR,-42.7692,-65.0385,61.18,65,95,21.77,overcast clouds
582,Yarmouth,US,41.7057,-70.2286,38.14,95,90,17.27,snow
583,Najran,SA,17.4924,44.1277,66.85,69,5,7.81,clear sky
584,Gemena,CD,3.25,19.7667,69.73,33,100,2.01,overcast clouds
585,Planaltina,BR,-15.4528,-47.6142,71.89,94,98,2.66,overcast clouds
586,Calama,CL,-22.4667,-68.9333,70.29,12,0,21.85,clear sky
587,Ito,JP,34.9667,139.0833,43.2,61,2,3.0,clear sky
588,Nukus,UZ,42.4531,59.6103,40.98,60,90,11.5,overcast clouds
589,Mogadishu,SO,2.0371,45.3438,76.01,86,55,18.16,broken clouds
590,Camopi,GF,3.1655,-52.3158,72.0,99,68,2.71,broken clouds
591,Torit,SS,4.4133,32.5678,78.69,33,97,2.04,overcast clouds
592,Kudahuvadhoo,MV,2.6708,72.8944,81.18,76,71,8.03,broken clouds
593,Atambua,ID,-9.1061,124.8925,77.85,83,88,1.88,overcast clouds
594,Baracoa,CU,20.3467,-74.4958,74.52,83,76,10.38,broken clouds
595,Khorinsk,RU,52.1657,109.7726,-3.77,98,100,3.2,overcast clouds
596,Matara,LK,5.9485,80.5353,72.3,88,59,6.15,broken clouds
597,Moron,AR,-34.6534,-58.6198,76.96,83,100,8.14,overcast clouds
598,Tukums,LV,56.9669,23.1553,29.55,97,100,13.0,light snow
599,Chipinge,ZW,-20.1883,32.6236,64.72,90,36,4.23,light rain
600,Chapleau,CA,47.8405,-83.4034,-7.51,64,1,2.3,clear sky
601,Tautira,PF,-17.7333,-149.15,82.42,76,23,14.88,light rain
602,Shar,KZ,49.5886,81.0453,-7.53,90,5,6.44,clear sky
603,Norden,DE,53.6,7.2,39.96,81,85,24.94,overcast clouds
604,Timmins,CA,48.4669,-81.3331,-7.78,54,40,0.0,scattered clouds
605,Careiro Da Varzea,BR,-3.2003,-59.8119,75.83,95,100,2.82,overcast clouds
606,Buribay,RU,51.9617,58.1592,17.4,97,100,7.78,overcast clouds
607,Krasnoselkup,RU,65.7,82.4667,16.09,96,100,6.51,light snow
608,Ruteng,ID,-8.6136,120.4721,68.23,84,98,2.39,overcast clouds
609,Mehran,IR,33.1222,46.1646,49.48,71,73,4.81,broken clouds
610,Sainte-Marie,RE,-20.8968,55.5496,80.73,89,100,24.16,overcast clouds
611,Nizwa,OM,22.9333,57.5333,64.38,35,9,0.38,clear sky
612,Bindura,ZW,-17.3019,31.3306,63.07,98,96,2.01,light rain
613,Callaway,US,30.153,-85.5699,49.95,95,100,5.01,light rain
614,Preeceville,CA,51.95,-102.6677,-7.92,98,100,10.56,light snow
615,Baghdad,IQ,33.3406,44.4009,48.11,71,0,4.61,clear sky
616,Muzhi,RU,65.3667,64.6667,5.63,83,51,9.33,broken clouds
617,Mardin,TR,37.3131,40.7436,35.19,86,66,6.76,broken clouds
618,Camacha,PT,33.0833,-16.3333,59.54,94,20,0.0,few clouds
619,Lufilufi,WS,-13.8745,-171.5986,89.38,78,96,17.09,light rain
620,Sabha,LY,27.0377,14.4283,49.3,36,0,4.52,clear sky
621,Rajapalaiyam,IN,9.45,77.5667,72.0,88,23,1.32,few clouds
622,Christchurch,NZ,-43.5333,172.6333,56.95,89,100,1.99,overcast clouds
623,Wuning,CN,29.2589,120.2311,37.18,84,5,2.51,clear sky
624,Port-Gentil,GA,-0.7193,8.7815,79.81,80,78,10.36,broken clouds
625,Great Falls,US,47.5002,-111.3008,43.66,55,40,15.01,scattered clouds
626,Kokopo,PG,-4.352,152.2633,83.95,62,72,9.22,broken clouds
627,Vanimo,PG,-2.6741,141.3028,83.84,71,67,5.75,broken clouds
628,Eureka,US,40.8021,-124.1637,53.2,81,99,7.0,overcast clouds
629,Altay,CN,47.8667,88.1167,5.76,54,0,8.75,clear sky
630,Waingapu,ID,-9.6567,120.2641,82.0,74,37,10.49,scattered clouds
631,Benito Juarez,MX,19.385,-99.165,73.22,25,40,5.01,scattered clouds
632,Marrakesh,MA,31.6315,-8.0083,62.67,36,40,6.91,scattered clouds
633,Hailey,US,43.5196,-114.3153,28.9,70,94,1.01,overcast clouds
634,Noumea,NC,-22.2763,166.4572,91.38,73,100,7.16,overcast clouds
635,Buraydah,SA,26.326,43.975,57.65,32,0,11.16,clear sky
636,Guadalupe Y Calvo,MX,26.1,-106.9667,49.28,50,0,2.21,clear sky
637,Middelburg,ZA,-25.7751,29.4648,62.08,88,85,10.42,light rain
638,Dawei,MM,14.0833,98.2,72.1,88,51,3.71,broken clouds
639,Sioux Lookout,CA,50.1001,-91.917,1.78,65,20,3.44,few clouds
640,Pacifica,US,37.6138,-122.4869,67.01,52,20,3.0,few clouds
641,Negombo,LK,7.2083,79.8358,75.25,100,20,1.14,few clouds
642,Richmond,US,37.5538,-77.4603,46.33,93,100,8.01,moderate rain
643,Peniche,PT,39.3558,-9.3811,54.63,73,99,13.67,overcast clouds
644,Maunabo,PR,18.0072,-65.8993,74.7,91,100,13.87,overcast clouds
645,Hobyo,SO,5.3505,48.5268,75.42,70,16,15.05,few clouds
646,Chumikan,RU,54.7183,135.315,-2.85,76,100,14.81,overcast clouds
647,Outjo,NA,-20.1167,16.15,67.06,77,100,7.45,overcast clouds
648,Pemberton,CA,50.3164,-122.8027,39.06,98,100,6.24,overcast clouds
649,Beloha,MG,-25.1667,45.05,74.75,86,47,16.51,scattered clouds
650,Coos Bay,US,43.3665,-124.2179,54.32,92,100,8.05,overcast clouds
651,Guican,CO,6.4618,-72.4113,49.53,92,50,1.72,light rain
652,Avera,US,33.194,-82.5271,60.31,87,100,12.26,overcast clouds
653,Asosa,ET,10.0667,34.5333,62.96,22,52,6.91,broken clouds
654,Fairfield,US,41.2668,-73.3162,34.45,89,100,8.05,moderate rain
655,Sosnovo-Ozerskoye,RU,52.5249,111.5418,-4.34,96,96,7.54,overcast clouds
656,Klang,MY,3.0333,101.45,75.34,88,20,0.0,few clouds
657,Petropavlovsk-Kamchatskiy,RU,53.0452,158.6483,25.39,59,75,4.47,broken clouds
658,Nizhnevartovsk,RU,60.9344,76.5531,24.82,93,100,6.71,overcast clouds
659,Simbahan,PH,6.3032,120.5836,80.28,79,94,15.26,overcast clouds
660,Tonantins,BR,-2.8731,-67.8022,74.37,97,78,1.28,heavy intensity rain
661,Saint-Denis,FR,48.9167,2.3333,41.14,87,0,8.05,clear sky
662,Mitsamiouli,KM,-11.3847,43.2844,81.39,80,83,12.12,light rain
663,Salantai,LT,56.0667,21.5667,36.9,99,100,15.59,overcast clouds
664,Tsiroanomandidy,MG,-18.7667,46.0333,66.79,97,96,4.18,overcast clouds
665,Escarcega,MX,18.6089,-90.7454,76.5,75,42,5.88,scattered clouds
666,Belaya Gora,RU,68.5333,146.4167,-38.87,100,46,0.89,scattered clouds
667,Kankon,IN,15.0167,74.0167,69.6,84,50,5.14,scattered clouds
668,Nemuro,JP,43.3236,145.575,24.06,67,18,11.74,few clouds
669,Marquette,US,46.5333,-87.6335,9.84,61,100,4.79,overcast clouds
670,El Rosario,MX,24.2556,-107.1828,77.2,43,0,11.74,clear sky
671,Storslett,NO,69.7678,21.0247,16.34,80,100,15.55,overcast clouds
672,Thunder Bay,CA,48.4001,-89.3168,10.31,48,20,8.05,few clouds
673,Stornoway,GB,58.2093,-6.3865,36.03,86,20,4.0,few clouds
674,Kinsale,IE,51.7075,-8.5306,40.23,93,20,8.05,few clouds
675,Jayanca,PE,-6.3908,-79.8219,73.0,57,41,11.92,scattered clouds
676,Mus,TR,39.0,41.75,18.84,96,99,1.45,light snow
677,Wageningen,NL,51.9667,5.6667,42.89,88,100,11.5,overcast clouds
678,Thinadhoo,MV,0.5333,72.9333,81.46,74,97,10.0,overcast clouds
679,Madimba,TZ,-10.4,40.3333,76.59,90,76,7.87,moderate rain
680,Rafraf,TN,37.1904,10.1837,55.72,73,16,16.15,few clouds
681,Amot,NO,59.5714,7.9877,15.49,80,29,10.22,scattered clouds
682,Diapaga,BF,12.0708,1.7889,68.67,15,0,7.99,clear sky
683,Nyurba,RU,63.2842,118.3319,-26.9,100,68,1.92,broken clouds
684,Egvekinot,RU,66.3167,-179.1667,-2.33,70,0,12.5,clear sky
685,Lasa,IT,46.6166,10.7002,40.46,80,68,5.88,broken clouds
686,Hualmay,PE,-11.0964,-77.6139,70.93,83,18,9.78,few clouds
687,Luwuk,ID,-0.9516,122.7875,82.63,71,98,2.01,overcast clouds
688,Bay Roberts,CA,47.5999,-53.2648,33.51,93,100,3.0,snow
689,Dauriya,RU,49.9333,116.8667,-15.95,99,77,3.69,broken clouds
690,Rehoboth,NA,-23.3167,17.0833,74.88,36,96,8.14,overcast clouds
691,Necochea,AR,-38.5473,-58.7368,60.04,70,100,9.82,moderate rain
692,Barrhead,GB,55.7992,-4.3929,38.01,86,20,5.01,few clouds
693,Bentiu,SS,9.2333,29.8333,75.54,17,77,9.01,broken clouds
694,Colares,PT,38.7992,-9.4469,54.34,72,100,1.01,overcast clouds
695,Cheney,US,47.4874,-117.5758,39.76,87,75,18.41,broken clouds
696,Jibuti,DJ,11.5,42.5,65.62,56,5,6.53,clear sky
697,Sarh,TD,9.1429,18.3923,71.51,21,0,4.61,clear sky
698,Bucerias,MX,20.75,-105.3333,75.97,76,6,4.65,clear sky
699,Mago,RU,53.2514,140.1822,2.86,92,100,6.17,overcast clouds
700,Porto Belo,BR,-27.1578,-48.5531,78.78,90,99,8.03,moderate rain
701,Menongue,AO,-14.6585,17.691,62.53,98,100,5.41,moderate rain
702,Pasighat,IN,28.0667,95.3333,55.36,94,100,3.98,heavy intensity rain
703,Atar,MR,20.5169,-13.0499,70.72,11,23,5.84,few clouds
704,Dzaoudzi,YT,-12.7887,45.2699,82.29,78,0,10.36,clear sky
705,Killybegs,IE,54.6333,-8.45,38.44,72,71,20.33,broken clouds
